,content
0,AktivitasTanpaBatas InternetnyaIndonesia BerjuangTanpaBatas IndiHome
1,Jangan terlalu cepat menghakimi tanpa pernah mau mengerti sudut pandang yang lain Untuk urusan jaringan internet percayakan pada INDIHOME InternetnyaIndonesia AktivitasTanpaBatas
2,oh God i really HATE indihome
3,AktivitasTanpaBatas InternetnyaIndonesia BerjuangTanpaBatas IndiHome
4,tolong dong ini kenapa yah Apa ada maintenance
5,Siap Kak Rose Selamat menikmati layanan IndiHome dan menjalani aktivitas hari ini Semoga harinya menyenangkan Terima kasih Eshal
6,Dear bayar mahal kecepatannya wifinya yang tinggi tp tetep aja lemot wifinya
7,Emang ni indihome semalem bikin kzl kzl kzl
8,Halo Kak Ariya Terima kasih atas apresiasinya ya Apabila ada pertanyaan lain seputar layanan IndiHome silakan hubungi kami kembali Stay safe Stay healthy dan bersama IndiHome PastiBeres Syifa
9,Indihome astaga
10,Halo Kak Rose Terima kasih sudah berpartisipasi meramaikan kuis serta atas apresiasinya Semoga Kakak beruntung ya Stay safe Stay healthy dan bersama IndiHome PastiBeres Syifa
11,Indihome lg trouble ya
12,ujan gini indihome bertingkah kuota pake acara abis segala WKWKWKWK
13,kenapa intetnet nya lemot kalau di tv buat youtube viu sama weetv muternya lama padahal kalau di hp sama laptob lancar internetnya giliran di tv lemot udah di matiin modemnya di nyalain ulang tetep sama aja mohon bantuannya
14,Hai Sobat Bisa sekali nih Sobat nantinya langsung dibantu dari sini bisa juga registrasi pasang baru IndiHome melalui aplikasi myIndiHome atau melalui DM langsung ya Rachel
15,Halo Kak Ratih Terima kasih banyak untuk apresiasinya semoga IndiHome selalu membantu dan mempermudah menjalani aktivitasnya Selamat beraktivitas kembali ya Aulia
16,Customer service IndiHome oke banget gercep amp care TOP deh
17,Happy pake IndiHome jaringan bagus walau masuk pedalaman Thanks
18,Tentunya dong Kak Rayad Terima kasih atas apresiasinya ya Kak Selamat menikmati layanan IndiHome dan menjalani aktivitas hari ini Semoga harinya menyenangkan Eshal
19,Alhamdulillah jaringan mantul WFH lancar Makaziiiii IndiHome
20,quenaja hip hip horrayyy udh keluar pemenangnya keren indihome
21,IndiHome luar biasa sangat lancar untuk WFH
22,Pagi Kak Nina Ada dong Kak Kami memiliki layanan IndiHome Smart Camera paket sewa Rp25 00 0 00 bulan PPN 10 Apakah Kakak berminat Aulia
23,Indihome koneksinya lancar terus keren deh
24,Pagi IndiHome ada CCTV ga
25,Indihome mati kok gak viral yah kayak yg di Jakarta
26,agnesia2 Oh kowe seneng di tarot aku ono kenalan pinter tarot aku pernh di tarot jg bnr kbh Ketoke wong indihome IG ne edy dixie klo pingin ngechek
27,Indihome ajg
28,ini kenapa sih 2 hari kyk gini saya bayar selalu tepat waktu IndiHome ga bisa di pakek sama sekali karna los
29,Halo Sobat Terima kasih atas apresiasinya ya Apabila ada pertanyaan lain seputar layanan IndiHome silakan hubungi kami kembali Stay safe Stay healthy dan bersama IndiHome PastiBeres Syifa
30,indihome taiiii
31,Terimakasih ya IndiHome selalu tersolusikan
32,Halo Kak Cooky Terima kasih atas apresiasinya ya Apabila ada pertanyaan lain seputar layanan IndiHome silakan hubungi kami Kak Semoga Kakak sehat selalu Syifa
33,Siap Kak Sasha Jika ada yang ingin ditanyakan mengenai layanan IndiHome jangan ragu hubungi kembali ya Terima kasih Eshal
34,Sama sama Sobat Apabila ada pertanyaan lain seputar layanan IndiHome silakan hubungi kami Kak Semoga Kakak sehat selalu Syifa
35,restart modem nya kak CS indihome
36,Jawabannya C Ikutan yuk 1 2 herra 3 GiveawayIndiHomeJTD InternetnyaIndonesia IndiHome Done follow sosmed My Fb Fina Chintia Devi My Ig chintiadevi My Tw chindev
37,Siapapun bisa jadi pahlawan Kitapun bisa jadi pahlawan keluarga dirumah dengan menyediakan koneksi stabilnya indihome untuk konektivitas keluarga AktivitasTanpaBatas IndiHomeMbois indihome internetnyaindonesia
38,Min download aplikasi my indihome bisa lewat AppStore ga
39,Pahlawan adalah dia yang menoreh tinta emas perjuangan tapi tak bimbang berada di belakang tanpa pengakuan AktivitasTanpaBatas indihome IndiHomeMbois InternetnyaIndonesia
40,Semangat berinovasi ya sobat indihome jadilah pahlawan masa kini yang membanggakan negeri AktivitasTanpaBatas indihome IndiHomeMbois InternetnyaIndonesia
41,Mari bersama kita perkokoh persatuan untuk membangun Negeri dengan semangat kepahlawanan ya sobat IndiHome AktivitasTanpaBatas indihome IndiHomeMbois InternetnyaIndonesia
42,Harusnya sih jangan lupa ganti ke provider lain kak
43,Ada Kak Ashley Paket IndiHome 3P Internet IndiHome TV dan Telepon dikecepatan 20Mbps Harganya sudah Riest informasikan via DM Silakan cek DM dan selanjutnya hubungi kami via DM Terima kasih Riest
44,Semangat pagi lancar banget nih pagi2 interetnya Seneng banget pake IndiHome Yuk semua kl mau internetan pake IndiHome aja
45,Sama sama Kak Jeenah Apabila ada pertanyaan lain seputar layanan IndiHome silakan hubungi kami kembali ya Terima kasih Syifa
46,Jangan lupa restart modemnya kak
47,tiaa Hai Kak Tia terima kasih banyak untuk apresiasinya senang mendengar kabar baiknya Semoga IndiHome selalu membantu menajalani aktivitasnya ya SemangatDigitalMuda Yazi
48,Semoga kuis selanjutnya aku yg menang Btw pagi ini streaming pake IndiHome lancar bangeeet Thaaanks luv
49,Ga usah ragu pake IndiHome jaringan stabil dan kencang dijamin kegiatan belajar di rumah jadi aman terkendali SemangatDigitalMuda
50,Senang banget pakai IndiHome mempermudah proses kerja di rumah jadi semakin nyaman untuk bekerja SemangatDigitalMuda
51,quenaja Pakai IndiHome jaringan lancar jaya dan aman terkendali jadi mudah untuk menjalani aktivitas sehari hari SemangatDigitalMuda
52,Ini tuh bkn diskon atau apa Pas awal masang kan disuruh bayar deposit Nah klo udah beberapa bulan biasanya setahun uang depositnya dibalikin Dibalikinnya berupa pengurangan tagihan bulanannya Soalnya kmaren2 pas masih pasang indihome pernah gini jg
53,Pagi Kak Ashley Bisa Kak Riest informasikan registrasi pasang baru IndiHome bisa melalui aplikasi myIndiHome atau melalui kami ya Kak Terima kasih Riest
54,Mugo2 dicatet sabarku sing okeh karo malaikat mergo nganggo indihome
55,Halo Kak Jeenah Untuk registrasi pasang baru layanan IndiHome tentu bisa melalui aplikasi myIndiHome Kak Silakan download aplikasi myIndiHome melalui Play Store atau App Store ya Terima kasih
56,Indihome kak
57,Selamat hari pahlawan Kobarkan semangat nasionalisme untuk mengenang amp menghargai jasa para pahlawan dengan mengembangkan kreatifitas tanpa batas bersama indihome AktivitasTanpaBatas IndiHome IndiHomeMbois internetnyaindonesia
58,Makasih info nya kak ternyata gampang bgt ganti nama jaringanyaa IndiHome keren
59,Pilih dan atur sendiri program video yang Sobat inginkan dengan Video On Demand Simak bagaimana menggunakan fitur Video On Demand yuk Nonton TV jadi mudah dan menyenangkan bersama IndiHome Music AktivitasTanpaBatas InternetnyaIndonesia IndiHome
60,ini tsel sama indihome lagi ada trouble apa gimana si Dari kemarin sinyak ga ada yg ngangkat Yang wifi mati yang kuota lemotnya naudzubillah
61,Pagi Kak Jojo Terima kasih banyak Kak Jojo atas apresiasinya Nyaman terus bersama IndiHome yang selalu setia menemani kegiatan di rumah Dion
62,dari kemaren lagi gangguan apa gimana nih
63,Ayo hadirkan layanan Internet WiFi cepat dan stabil dari indihome untuk dukung sgala kegiatan kamu di rumah Mulai dari Rp 335 000 bln kamu bisa dapetin kecepatan smpi dgn 300 Mbps Info lbih lanjut klik link dibawah ya AktivitasTanpaBatas IndiHome
64,indihome ni pasti
65,min pasang indihome sekarang bisa via aplikasi ga min
66,kurang luih ngene lah nganti rampung
67,Yups Tentu benar dong 10 November itu diperingati sebagai hari pahlawan sobat IndiHome AktivitasTanpaBatas IndiHomeMbois IndiHome InternetnyaIndonesia
68,Ada yang suka ketinggalan program kesayangan kalian di Usee Prime Tenang jangan sedih jangan bimbang karena Indihome TV punya fitur canggih yaitu TVOD TV On Demand useeprimeitsmetime indihometv AktivitasTanpaBatas InternetnyaIndonesia
69,Gimana sobat indihome Jawaban si kecil tadi bener ngak nih Masa kalah cepet sama si kecil jawabnya AktivitasTanpaBatas IndiHomeMbois IndiHome InternetnyaIndonesia
70,Gapapa beda pilihan pelangi aja ada lebih dari satu warna Apapun pilihan Kamu soal internet IndiHome tetap jadi pilihan utama dong Yuk langganan sekarang dan nikmatin berbagai paket yang sesuai dengan kebutuhan digital Kamu klik AktivitasTanpaBatas
71,Hehehe Si kecil aja uda pada cepet kalo browsing nyari informasi Untung aja terkoneksi indihome AktivitasTanpaBatas IndiHomeMbois IndiHome InternetnyaIndonesia
72,Kebetulan aku nanyain juga nih sama si kecil Eh cepet tanggap dong Katanya aku blosing 10 nepember Hali palawan ya Baca nada bocil AktivitasTanpaBatas IndiHomeMbois IndiHome InternetnyaIndonesia
73,Indihome ngapaa yakkk
74,Sobat IndiHome uda pada inget belum 10 november itu ada peringatan hari apa AktivitasTanpaBatas IndiHomeMbois IndiHome InternetnyaIndonesia
75,DEMI APA tagihan indihome bulan ini murah bangett kagettttt Awas aja kalo ternyata bulan depan jadii bayar doublee
76,Selamat pagi sobat IndiHome Uda tgl 10 November aja nih AktivitasTanpaBatas IndiHomeMbois indihome InternetnyaIndonesia
77,wtfff
78,Siapa yang udah gak sabar sama comebacknya Song Hye Kyo Setelah 3 tahun hiatus Song Hye Kyo akan hadir kembali di Viu Original Now We Are Breaking Up AktivitasTanpaBatas IndiHome
79,Siapa yang udah gak sabar sama comebacknya Song Hye Kyo Setelah 3 tahun hiatus Song Hye Kyo akan hadir kembali di Viu Original Now We Are Breaking Up AktivitasTanpaBatas IndiHome
80,Pakai Indihome semua lancar dong Info lebih lanjut klik link dibawah yaa InternetnyaIndonesia Indihome AktivitasTanpaBatas
81,Indihome anjing sinyal putus mulu
82,Pake IndiHome kerja dirumah selalu nyaman jaringannya lancar jaya sukses terus IndiHome
83,Tidak semua masalahnya karena jaringan namun bisa juga karena modem yang bekerja secara nonstop Sehingga menimbulkan overheat atau keadaan dimana modem menimbulkan panas yang berlebih AktivitasTanpaBatas IndiHome
84,Tidak semua masalahnya karena jaringan namun bisa juga karena modem yang bekerja secara nonstop Sehingga menimbulkan overheat atau keadaan dimana modem menimbulkan panas yang berlebih AktivitasTanpaBatas IndiHome
85,ini jawaban nya yang bener bagaimana masih tahap pengembangan atau sudah bisa di gunakan soalnya dari SPBU tersebut menurut operatornya ga bisa menggunakan Cashless dengan alasan Jaringan susah alias sering gangguan padahal di sana sudah ada
86,shitsu bisa untuk bayar tagihan indihome ga kak
87,yg bener laa
88,yg anak indihome tolong dong di belakang ge ada apa akhir akhir ini ngrasa aneh gitu kaya ada yg ngawasin gue dikamar
89,Hayoo Sudah cek tagihan IndiHome kamu belum nih Sobat Jangan sampai kelewatan cek informasi tagihan IndiHome Kamu ya Yuk tonton tutorial bagaimana cara melihat dan cek history tagihan IndiHome Kamu lewat aplikasi myIndiHome di sini
90,ngeselin parah anjir sinyal u ngapasi ah
91,astaga indihome
92,Bisnis halo kak mau pindah alamat indihome gimana ya
93,Hai Kak Maaf jadi gak nyaman Untuk informasi atau keluhan seputar dan IndiHome silakan menghubungi rekan Telkom agar dapat dibantu melalui 1 Facebook 2 Twitter 1 3
94,ngelag gini woi
95,Jiaaah langganan indihome jam segini ga bisa ngapa2in kalo rumah gue bisa selain pake indihome udah ganti dari kapan tau ini
96,pagi kak mau pindah alamat indihome gimana ya
97,Hujan deres begini enaknya rebahan di temenin minuman cemilah hangat trus nonton channel2 useetv IndiHome yg banyak pilihannya Gillaa nyaman banget kan TERIMA KASIH INDIHOME InternetnyaIndonesia AktivitasTanpaBatas indihome witeljaktim
98,Halo ini kenapa jam segini gangguan kabelnya di gigit hiu lagi kah maniez
99,sumpah bikes banget lau
